categoria,nombre,pueblo,direccion,instagram,facebook,telefono,whatsapp,email,resenas,senales_de_pago,potencial_pago,verificacion_web,confianza,fuentes,ola,prioridad,plataforma_citas,link_plataforma,costo_actual_plataforma,paquete,setup_usd,mensual_usd
Barbería,167 Barber Shop,Bayamón,"Ave. Ramón Luis Rivera, 00957",https://www.instagram.com/167barbershop/,https://www.facebook.com/OscarBarberShopPR,787-515-2122,,colonoscar22@gmail.com,Listado en Fresha,Abre los 7 días; hasta 10 PM de jueves a sábado,Medio,"Sin web propia: solo Instagram, Facebook y Fresha",Alta,https://www.fresha.com/lvp/167barbersshop-ramon-luis-rivera-avenue-bayamon-3o9GPN,1,4,Fresha,https://www.fresha.com/lvp/167barbersshop-ramon-luis-rivera-avenue-bayamon-3o9GPN,$19.95–$45 al mes + 20% por cliente nuevo del marketplace,Citas conectadas,900,69
Barbería,Santurce La Barbería Salón,San Juan,"312 Ave. De Diego, Santurce",https://www.instagram.com/santurcelabarberiasalon/,,787-312-4474,787-312-4474,,5.0 en Booksy: 807 + 190 + 89 + 36 reseñas entre 4 perfiles,"Concepto premium tipo spa (afeitado con toalla, vino al cliente); salió en Metro PR",Alto,Sin web propia: Instagram y Booksy,Alta,https://www.metro.pr/estilo-vida/2016/11/22/regreso-barberia-tradicional,1,-1,Booksy (4 perfiles de barbero),https://booksy.com/en-us/1236100_santurce-la-barberia-salon_barber-shop_7_usa,$90–$120+ al mes (4 perfiles) + 30% de la 1.a visita de clientes de Boost,Citas propias,1600,99
Barbería,Estudio La Barbería (Cecilio Men's Stylist),Guaynabo,"Carr. 833 / Ave. 177 #1499, Local 3, Los Frailes",https://www.instagram.com/estudiolabarberia/,,787-382-3097,,,Reservas por Booksy,Corte desde $30 y corte con barba desde $40: clientela que paga,Alto,Sin web propia: Instagram y Booksy,Alta,,1,0,Booksy,,$30–$70 al mes según cuántos barberos + comisiones de Boost,Citas conectadas,900,69
Barbería,JJ Barbershop Old San Juan,San Juan,"300 Calle San Francisco, Viejo San Juan",https://www.instagram.com/jjbarbershopoldsanjuan/,,787-318-4323,,,No encontradas,Zona turística; abre martes a sábado,Medio,No apareció web al buscar por nombre,Media,,1,6,Fresha y Setmore,https://www.fresha.com/lvp/jj-barber-shop-old-san-juan-calle-de-san-francisco-san-juan-Eko3Gb,$19.95+ al mes en Fresha (Setmore puede ser gratis),Citas conectadas,900,69
Barbería,Sport BarberShop,San Juan,"273 Calle Los Andes, 00926",https://www.instagram.com/sportbarbershop_/,,787-216-7618,,,No encontradas,Se presenta como 'The Best Shop in Guaynabo',Medio,No apareció web al buscar por nombre,Media,,1,6,Fresha,https://www.fresha.com/lvp/sport-barbershop-calle-los-andes-san-juan-xXxYj6,$19.95–$45 al mes + 20% por cliente nuevo del marketplace,Citas conectadas,900,69
Uñas,Retoque Guaynabo,Guaynabo,"Los Jardines Shopping Center, Calle Marginal 130, Frailes",https://www.instagram.com/retoque_guaynabo/,,939-409-9090,,,4.9 en Fresha,Precios publicados ($25–$35 por servicio) en centro comercial,Medio,Sin web propia: Instagram y Fresha,Alta,,1,4,Fresha,,$19.95–$45 al mes + 20% por cliente nuevo del marketplace,Citas conectadas,900,69
Uñas,Pintauñas Nails & Salon,Guaynabo,"56-62 Av. Esmeralda, 00969",https://www.instagram.com/pintaunasnailsalon/,,787-466-8529,,,Listado en Fresha,Ofrece fish pedicure (poco común); abre lunes a sábado,Medio,Sin web propia: Instagram y directorios,Alta,,1,5,Aparece en Fresha (confirmar),,Por confirmar,Presencia,650,49
Uñas,Jireh Nail Salón,Guaynabo,"PR-838, Guaynabo Rental Park, 00969",https://www.instagram.com/jirehnail/,,939-325-6714,,,Reservas por Booksy,Uñas y cejas con hilo,Medio,"Sin web propia: Instagram, Booksy y Fresha",Alta,,1,4,Booksy,,Desde $29.99 al mes + comisiones de Boost,Citas conectadas,900,69
Uñas,Crea'tif Salon and Spa,Guaynabo,"Centro Comercial, Edificio B, Ave. Lopategui Local 3",https://www.instagram.com/creatifsalon/,,787-668-9645,,,Clientas de años la recomiendan en Fresha,"Cabello, uñas, spa y cejas: varios servicios y personal",Alto,No apareció web al buscar por nombre,Media,,1,2,Fresha,https://www.fresha.com/lvp/creatif-salon-and-spa-avenue-lopategui-guaynabo-7x9b25,$30–$75 al mes (varias empleadas) + 20% por cliente nuevo,Citas propias,1600,99
Uñas,Mónaco Nails,San Juan / Guaynabo (verificar),Por confirmar,https://www.instagram.com/monaconailspr/,,,,,No encontradas,Por evaluar en su Instagram,Medio,No apareció web al buscar por nombre,Baja,,,,No detectada,,,Presencia,650,49
Salón,Curl Boss Salon,San Juan,Ave. 65 de Infantería,https://www.instagram.com/curlbosspr/,,787-640-8800,787-640-8800,,Reseñas en Vagaro; salió en Remezcla,Nicho de cabello rizado; dueños con podcast propio,Alto,Sin web propia: Instagram y WhatsApp,Alta,https://remezcla.com/lists/beauty/7-local-beauty-wellness-businesses-bad-bunny-residency/,1,-1,Vagaro (y aparece en Fresha),https://www.vagaro.com/curlboss,$34–$60 al mes en Vagaro según usuarios,Citas conectadas,900,69
Salón,Top Beauty Salón,San Juan,1367 Ave. Roosevelt,https://www.instagram.com/topbeautysalonpr/,,787-781-9642,787-781-9642 / 787-508-0298,,No encontradas,Dos líneas de WhatsApp activas,Medio,No apareció web al buscar por nombre,Media,,1,6,No detectada,,,Presencia,650,49
Salón,bloOm Salon & Spa,Guaynabo,"100 Av. San Patricio, 00968",https://www.instagram.com/bloomsalonspapr/,,787-781-2525,,,Listado en Fresha,Zona San Patricio (alto poder adquisitivo); salón + spa,Alto,Sin web propia: Instagram y Fresha,Alta,,1,1,Aparece en Fresha (confirmar),,Por confirmar,Presencia,650,49
Salón,Jean C Stilo,Bayamón,"3V7 Ave. Lomas Verdes, Bayamón, 00956",https://www.instagram.com/jeancstilo/,,787-998-2614,,,5.0 (32) en Booksy,"Dos ubicaciones (PR y Florida); color, uñas y maquillaje",Alto,No apareció web al buscar por nombre,Media,,1,2,Booksy (2 perfiles en PR y 1 en Florida),https://booksy.com/en-us/1521265_jean-c-stilo-salon_hair-salon_34799_san-juan,$60–$90 al mes entre sus perfiles,Citas propias,1600,99
Salón,Top Nail Bar,Bayamón,Plaza Bayamón Mall,https://www.instagram.com/topnailbar/,,787-334-0101,787-678-3355,,"4.9 con 2,590 votos en Fresha","Local dentro de un mall (renta alta); cabello, uñas y belleza",Alto,No apareció web al buscar por nombre,Media,,1,1,Fresha (88 servicios),https://www.fresha.com/a/top-nail-bar-bayamon-plaza-bayamon-qed67sbu,$75–$150 al mes (equipo grande) + 20% por cliente nuevo del marketplace,Citas propias,1600,99
Food truck,La Chulada Foodtruck,Guaynabo,"Carr. Alejandrino Km 1.3, Sector Melia",https://www.instagram.com/la_chulada_foodtruck/,,787-664-5551,787-664-5551,,"4.9 con más de 1,000 calificaciones en Uber Eats",Mucho volumen de ventas,Alto,"Sin web propia: Instagram, Uber Eats y Platea PR",Alta,https://www.plateapr.com/en/directory/metro/guaynabo/restaurantes/la-chulada-foodtruck-guaynabo,1,-1,Uber Eats,https://www.ubereats.com/us-es/store/la-chulada-foodtruck/OtW4PpDAXfCDMDdeslloBw,7–10% de cada pedido para recoger y 20–30% de cada delivery,Pedidos directos,1200,79
Food truck,La Disputa,San Juan,San Juan,https://www.instagram.com/la_disputa_food_truck/,,787-223-1433,,,No encontradas,"Sándwiches, empanadas y smash burgers; abre lunes a sábado",Medio,No apareció web al buscar por nombre,Media,,1,7,No detectada,,,Pedidos directos,1200,79
Food truck,Sabores Gourmet Criollo,Bayamón,Restaurante en Bayamón; truck en Levittown,https://www.instagram.com/saboresgourmetcriollo21/,,787-998-6982,939-900-1193 (truck),,No encontradas,Dos puntos de venta: restaurante y food truck,Alto,No apareció web al buscar por nombre,Media,,1,2,No detectada,,,Pedidos directos,1200,79
Food truck,Bayamón Food Truck Station (parque),Bayamón,Ave. Lomas Verdes,https://www.instagram.com/bayamonfoodtruckstation/,,,,,No encontradas,Parque de food trucks: el operador cobra a varios trucks,Alto,No apareció web al buscar por nombre,Media,,1,3,No detectada,,,Pedidos directos,1200,79
Food truck,GFT Park – Guaynabo Food Truck Park,Guaynabo,Guaynabo,https://www.instagram.com/guaynabofoodtruckpark/,,,,,No encontradas,Más de 14 food trucks en un solo parque,Alto,No apareció web al buscar por nombre,Media,,1,3,No detectada,,,Pedidos directos,1200,79
Restaurante / repostería,Ladelos Pastelillos,Bayamón,Bayamón y Cataño,https://www.instagram.com/ladelospastelillos/,,787-639-4054,,,No encontradas,Dos locales; más de 40 sabores,Alto,No apareció web al buscar por nombre,Media,,1,3,No detectada,,,Pedidos directos,1200,79
Restaurante / repostería,Guaynabo Bakery & Pizzeria,Guaynabo,Av. Paz Granela 1476,https://www.instagram.com/guaynabobakery/,,939-338-3226,,,En Uber Eats,Abre los 7 días desde las 5 AM,Alto,No apareció web al buscar por nombre,Media,,1,2,Uber Eats,,7–10% de cada pedido para recoger y 20–30% de cada delivery,Pedidos directos,1200,79
Restaurante / repostería,Mejor Aquí PR,Bayamón,Bayamón,https://www.instagram.com/mejoraqui.pr/,,787-619-6453,,,No encontradas,"Comida criolla, mariscos y mojitos",Medio,No apareció web al buscar por nombre,Media,,1,7,No detectada,,,Pedidos directos,1200,79
Restaurante / repostería,Golden Hour,Bayamón,Bayamón,https://www.instagram.com/restaurante_golden_hour/,,,,,No encontradas,Comida china y japonesa,Medio,No apareció web al buscar por nombre,Baja,,,,No detectada,,,Pedidos directos,1200,79
Restaurante / repostería,El Rincón del Repostero,Bayamón,Bayamón,https://www.instagram.com/elrincondelrepostero_/,,787-400-7146,,,No encontradas,Repostería con local; abre lunes a sábado,Medio,No apareció web al buscar por nombre,Media,,1,7,No detectada,,,Pedidos directos,1200,79
Restaurante / repostería,Michi's Cakes,San Juan,San Juan,https://www.instagram.com/michiscakespr/,,787-447-7772,,,No encontradas,"Bizcochos, cupcakes y galletas por encargo",Medio,No apareció web al buscar por nombre,Media,,1,7,No detectada,,,Pedidos directos,1200,79
Taller,Eurotechniques – Taller de Mecánica,Bayamón,#66 Esteban Padilla,,https://www.facebook.com/eurotechniquespr,787-269-3111,,,No encontradas,Más de 35 años; especialistas en carros europeos,Alto,No apareció web al buscar por nombre,Media,,,,No detectada,,,Profesional,1500,99
Taller,Auto Precision,Bayamón,Ave. Lomas Verdes F-8,,https://www.facebook.com/AutoPrecision,787-786-6810,,,Perfil de Google Business,Taller establecido en Lomas Verdes,Medio,No apareció web al buscar por nombre,Media,,,,No detectada,,,Profesional,1500,99
Taller,MK Auto Service PR,Bayamón,377 Calle Comerío,,https://www.facebook.com/p/MK-Auto-Service-PR-100085318856976/,787-702-9229,,,No encontradas,"Escanea Chrysler, Dodge, Jeep y Ram hasta 2024",Medio,No apareció web al buscar por nombre,Media,,,,No detectada,,,Profesional,1500,99
Taller,Import Service,Guaynabo,Guaynabo,,https://www.facebook.com/importservicepr,,,,No encontradas,"Más de 17 años con BMW, Mercedes y Mini (clientes de carros de lujo)",Alto,No apareció web al buscar por nombre,Media,,,,No detectada,,,Profesional,1500,99
Taller,CJ AutoTech,San Juan,Ave. Gobernador Piñero,,https://www.facebook.com/ServiJ,787-297-5554,,,No encontradas,Mecánica y electromecánica,Medio,No apareció web al buscar por nombre,Media,,,,No detectada,,,Profesional,1500,99
Dentista,Clínica Dental Bayamón – Dr. Eduardo Crespo,Bayamón,"Medical Ophthalmic Plaza, 1875 Carr. 2, Ste. 203",https://www.instagram.com/crespodmd/,,939-310-2555,,,No encontradas,Dos dentistas; implantes e Invisalign; acepta CareCredit,Alto,Sin web propia: solo directorios médicos e Instagram,Alta,https://local.newpatientsinc.com/dental/dr-eduardo-crespo-bayamon-pr,1,1,No detectada,,,Profesional + citas,2000,129
Dentista,IA Dental – Dra. Ingrid Irizarry,Guaynabo,Guaynabo,https://www.instagram.com/iadental45/,,787-720-2125,,,No encontradas,Odontología general; dos teléfonos de oficina,Alto,No apareció web al buscar por nombre,Media,,1,3,No detectada,,,Profesional + citas,2000,129
Dentista,Dra. Carla Rodríguez Bonilla (dentista pediátrica),Bayamón,Bayamón,https://www.instagram.com/dra.carlarodriguez/,,787-900-3545,,,No encontradas,Especialista en pediatría,Alto,No apareció web al buscar por nombre,Media,,1,3,No detectada,,,Profesional + citas,2000,129
Dentista,Local Dental,San Juan,San Juan,https://www.instagram.com/localdental/,,787-281-8106,,,No encontradas,"General, pediatría y periodoncia; dos teléfonos",Alto,No apareció web al buscar por nombre,Media,,1,3,No detectada,,,Profesional + citas,2000,129
Dentista,Dra. Alexandra Rodríguez (dentista pediátrica),San Juan,San Juan,https://www.instagram.com/dentistapediatricaalexandra/,,787-508-1412,,,No encontradas,Especialista en pediatría,Alto,No apareció web al buscar por nombre,Media,,1,3,No detectada,,,Profesional + citas,2000,129
Quiropráctico,Aviva Family Chiropractic – Dr. Ariel Tomey,San Juan,"15 Av. Luis Muñoz Rivera, #2010",,https://www.facebook.com/AvivaFamilyChiropractic,787-417-7794,,,No encontradas,Acepta planes; masajes y estiramientos; solo tiene página de citas en JaneApp,Alto,Sin web propia: Facebook y JaneApp,Alta,https://avivachiropractic.janeapp.com,,,Jane App,https://avivachiropractic.janeapp.com,Desde $54 al mes,Profesional + citas,2000,129
Quiropráctico,Grupo Quiropráctico de Guaynabo,Guaynabo,"B-3 Calle Marginal, Urb. Villa Lissette",,https://www.facebook.com/grupoquiropracticodeguaynabo,787-999-6570,,,No encontradas,"Tres quiroprácticos; pediatría, prenatal y deportes",Alto,Sin web propia: Facebook y directorios,Alta,https://practicefinder.newpatientsinc.com/chiro/dr-lee-cardona-dc-guaynabo-pr/,,,No detectada,,,Profesional + citas,2000,129
Quiropráctico,Galería Quiropráctica,Guaynabo y Bayamón,"2102 Calle Turquesa, Guaynabo",https://www.instagram.com/galeriaquiropractica/,https://www.facebook.com/galeriaquiro,787-708-7766,,,No encontradas,24 años; dos oficinas (Guaynabo 787-708-7766 y Bayamón 787-963-1737),Alto,No apareció web al buscar por nombre,Media,,1,3,No detectada,,,Profesional + citas,2000,129
Quiropráctico,V Chiropractic Center,Guaynabo,"100 Ave. San Patricio, Suite 203",,https://www.facebook.com/p/V-Chiropractic-Center-100094324312506/,787-990-5070,,,No encontradas,Oficina en San Patricio,Alto,No apareció web al buscar por nombre,Media,,,,No detectada,,,Profesional + citas,2000,129
Médico,Centro de Medicina Interna – Dr. Juan Bayron,San Juan,San Juan,,https://www.facebook.com/cmibay,787-783-0399,,centrodemedicinainterna@gmail.com,No encontradas,"Usa Gmail, señal de que no tiene dominio ni web",Alto,Sin web propia: usa email de Gmail y Facebook,Alta,,,,No detectada,,,Profesional + citas,2000,129
Médico,Clínica de Medicina Interna – Dra. Marielle Sánchez,Bayamón,Bayamón,,https://www.facebook.com/dramariellesanchez,,,,No encontradas,Práctica privada de medicina interna,Alto,No apareció web al buscar por nombre,Media,,,,No detectada,,,Profesional + citas,2000,129
Médico,Salus,Guaynabo,"Ave. Casa Linda #1, Suite 101",,https://www.facebook.com/saluspr,787-789-1996,,,No encontradas,Oficina médica en Guaynabo,Alto,No apareció web al buscar por nombre,Media,,,,No detectada,,,Profesional + citas,2000,129
Médico,Médica Integral,San Juan (Río Piedras),San Juan,,https://www.facebook.com/Medicaintegralsjr,,,,No encontradas,Medicina integral,Alto,No apareció web al buscar por nombre,Baja,,,,No detectada,,,Profesional + citas,2000,129
Médico,Clínica Pediátrica 020,Por confirmar,Por confirmar,https://www.instagram.com/pediatrica020/,,,,,No encontradas,"Pediatría, neonatología, dental y adolescentes en un solo lugar",Alto,No apareció web al buscar por nombre,Baja,,,,No detectada,,,Profesional + citas,2000,129
Abogado,"Lcdo. Edgar Villanueva Rivera, Abogado-Notario",Bayamón,"Calle 15 T-34, Urb. Flamboyán Gardens",https://www.instagram.com/lcdo.villanuevarivera/,https://www.facebook.com/VillanuevaRiveralawpr,787-310-4416,,,No encontradas,"Civil, criminal, herencias y notaría",Alto,No apareció web al buscar por nombre,Media,,1,3,No detectada,,,Profesional,1500,99
Abogado,Aboga Bufete Jurídico,Por confirmar,Por confirmar,,https://www.facebook.com/p/Aboga-Bufete-Jur%C3%ADdico-100063584443496/,787-945-5193,,,No encontradas,"Familia, daños, laboral, herencias y contratos",Alto,No apareció web al buscar por nombre,Media,,,,No detectada,,,Profesional,1500,99
Abogado,Lcda. Chrisired Morales Negrón,Por confirmar,Por confirmar,https://www.instagram.com/suabogadanotario/,,,,,No encontradas,Abogada-notario activa en Instagram,Alto,No apareció web al buscar por nombre,Baja,,,,No detectada,,,Profesional,1500,99
Abogado,Nieves & Morales Abogados-Notarios,Por confirmar,Por confirmar,https://www.instagram.com/nievesmoraleslawoffices/,,,,,No encontradas,Bufete con dos socios,Alto,No apareció web al buscar por nombre,Baja,,,,No detectada,,,Profesional,1500,99
Abogado,Tu Notario PR,San Juan,San Juan,,https://www.facebook.com/tunotariopr,,,,No encontradas,Servicios notariales,Alto,No apareció web al buscar por nombre,Baja,,,,No detectada,,,Profesional,1500,99
Contador,Premier CPA & Business Consulting Group,Bayamón,Bayamón,,https://www.facebook.com/premiercpapr,787-428-0202,,,No encontradas,"Contabilidad, nómina, planillas y consultoría",Alto,No apareció web al buscar por nombre,Media,,,,No detectada,,,Profesional,1500,99
Contador,CPA JLFA,Bayamón,Bayamón,,https://www.facebook.com/CPAJLFA,787-995-3836,,,No encontradas,"Auditoría, contabilidad, nómina y contribuciones",Alto,No apareció web al buscar por nombre,Media,,,,No detectada,,,Profesional,1500,99
Contador,CPA Juan García Padró,Guaynabo,Guaynabo,,https://www.facebook.com/cpagarciapadropr,,,,No encontradas,Contabilidad y nómina,Alto,No apareció web al buscar por nombre,Media,,,,No detectada,,,Profesional,1500,99
Contador,Vega Taxes Services,Guaynabo,Guaynabo,,https://www.facebook.com/taxesservices,787-518-3058,,,No encontradas,Preparación de planillas,Medio,No apareció web al buscar por nombre,Media,,,,No detectada,,,Profesional,1500,99
Contador,CPA Johmary Meléndez,Por confirmar,Por confirmar,https://www.instagram.com/planillaspr_cpa/,,,,,No encontradas,Tiene podcast propio ('Vino el Viernes'): invierte en mercadeo,Alto,No apareció web al buscar por nombre,Media,https://www.audible.co.uk/podcast/Vino-el-Viernes/B0CCN54TCX,1,3,No detectada,,,Profesional,1500,99
Techos / solar,Insignia Roofing – Sellado de Techos,Guaynabo,Guaynabo,,https://www.facebook.com/p/Insignia-Roofing-Sellado-de-Techos-100076794886278/,787-366-2446,,,No encontradas,Certificados por DACO y Danosa; garantía de 10 años,Alto,No apareció web al buscar por nombre,Media,,,,No detectada,,,Profesional,1500,99
Techos / solar,MF Home Solutions Inc.,San Juan,San Juan,,https://www.facebook.com/mfhomesolutions,,,,No encontradas,Sellado con sistema Danosa; garantía de 10 años,Alto,No apareció web al buscar por nombre,Media,,,,No detectada,,,Profesional,1500,99
Techos / solar,Sellado de Techos con Danosa,Bayamón,Bayamón,,https://www.facebook.com/selladodanosa,787-526-5709,,,No encontradas,Filtraciones garantizadas,Alto,No apareció web al buscar por nombre,Media,,,,No detectada,,,Profesional,1500,99
Techos / solar,Marin Membrana,Bayamón,Bayamón,,https://www.facebook.com/marinmembrana,787-316-7898,,,No encontradas,Venta e instalación de membrana,Alto,No apareció web al buscar por nombre,Media,,,,No detectada,,,Profesional,1500,99
Techos / solar,Sellado de Techos Uretano,Bayamón,Bayamón,,https://www.facebook.com/TechosPR,787-226-3650,,,No encontradas,Sellado y venta de selladores industriales,Alto,No apareció web al buscar por nombre,Media,,,,No detectada,,,Profesional,1500,99
Alquiler vacacional,Isla del Encanto Vacation Rentals,San Juan (Condado) y Río Grande,Condado,,https://www.facebook.com/haciendaelyunque,939-342-6640,,,No encontradas,Casas de lujo en Condado y Río Grande,Alto,No apareció web al buscar por nombre,Baja,,,,No detectada,,,Reservas directas,1800,99
Alquiler vacacional,Isla Verde Vacation Rentals,Carolina (Isla Verde),Isla Verde,,https://www.facebook.com/IslaVerdeVacationRentals,(703) 327-6225,,hmsdc@aol.com,No encontradas,Dueño fuera de PR; email de AOL (sin dominio propio),Alto,Sin web propia: usa AOL y Facebook,Media,,,,No detectada,,,Reservas directas,1800,99
Alquiler vacacional,PR Vacation Apartment,San Juan (Condado),Condado,,https://www.facebook.com/prvacationapartment,,,,No encontradas,Penthouses de 3 cuartos en Condado,Alto,No apareció web al buscar por nombre,Baja,,,,No detectada,,,Reservas directas,1800,99
Alquiler vacacional,San Juan Short Term Rental,San Juan,Condado y Ocean Park,,https://www.facebook.com/SanJuanShortTermRental,,,,No encontradas,Varias propiedades en Condado y Ocean Park,Alto,No apareció web al buscar por nombre,Baja,,,,No detectada,,,Reservas directas,1800,99
Alquiler vacacional,San Juan Vacation Rentals,San Juan,San Juan,,https://www.facebook.com/SanJuanVacation,787-410-6003,,,No encontradas,Varias propiedades,Alto,No apareció web al buscar por nombre,Baja,,,,No detectada,,,Reservas directas,1800,99
